Province/State,04/03/2020,04/04/2020,04/05/2020,04/06/2020,04/07/2020,04/08/2020,04/09/2020,04/10/2020,04/11/2020,04/12/2020,04/13/2020,04/14/20,04/15/20,04/16/20,04/17/20,04/18/20,04/19/20,04/20/20,04/21/20,04/22/20,04/23/20,04/24/20,04/25/20,04/26/20,04/27/20,04/28/20,04/29/20,04/30/20,05/01/20,05/02/20,05/03/20,05/04/20,05/05/20,05/06/20,05/07/20,05/08/20,05/09/20,05/10/20,05/11/20,05/12/20,05/13/20,05/14/20,05/15/20,05/16/20,05/17/20,05/18/20,05/19/20,05/20/20,05/21/20,05/22/20,05/23/20,05/24/20,05/25/20,05/26/20,05/27/20,05/28/20,05/29/20,05/30/20,05/31/20,06/01/20,06/02/20,06/03/20,06/04/20,06/05/20,06/06/20,06/07/20,06/08/20,06/09/20,06/10/20,06/11/20,06/12/20,06/13/20,06/14/20,06/15/20,06/16/20,06/17/20,06/18/20,06/19/20,06/20/20,06/21/20,06/22/20,06/23/20,06/24/20,06/25/20,06/26/20,06/27/20,06/28/20,06/29/20,06/30/20,07/01/20,07/02/20,07/03/20,07/04/20,07/05/20,07/06/20,07/07/20,07/08/20,07/09/20,07/10/20,07/11/20,07/12/20,07/13/20,07/14/20,07/15/20,07/16/20,07/17/20,07/18/20,07/19/20,07/20/20,07/21/20,07/22/20,07/23/20,07/24/20,07/25/20,07/26/20,07/27/20,07/28/20,07/29/20,07/30/20,07/31/20,08/01/20,08/02/20,08/03/20,08/04/20,08/05/20,08/06/20,08/07/20,08/08/20,08/09/20,08/10/20,08/11/20,08/12/20,08/13/20,08/14/20,08/15/20,08/16/20,08/17/20,08/18/20,08/19/20,08/20/20,08/21/20,08/22/20,08/23/20,08/24/20,08/25/20,08/26/20,08/27/20,08/28/20,08/29/20,08/30/20,08/31/20,09/01/20,09/02/20,09/03/20,09/04/20,09/05/20,09/06/20,09/07/20,09/08/20,09/09/20,09/10/20,09/11/20,09/12/20,09/13/20,09/14/20,09/15/20,09/16/20,09/17/20,09/18/20,09/19/20,09/20/20,09/21/20,09/22/20,09/23/20,09/24/20,09/25/20,09/26/20,09/27/20,09/28/20,09/29/20,09/30/20,10/01/20,10/02/20,10/03/20,10/04/20,10/05/20,10/06/20,10/07/20,10/08/20,10/09/20,10/10/20,10/11/20,10/12/20,10/13/20,10/14/20,10/15/20,10/16/20,10/17/20,10/18/20,10/19/20,10/20/20,10/21/20,10/22/20,10/23/20,10/24/20,10/25/20,10/26/20,10/27/20,10/28/20
AB,13,15,33,34,50,83,90,100,103,108,109,118,133,141,141,154,155,155,155,160,161,159,158,161,165,167,171,195,204,206,208,211,211,214,223,225,230,237,235,250,250,250,256,265,265,267,271,274,276,281,288,318,338,350,350,370,378,382,382,385,390,394,395,396,396,401,401,402,405,407,408,411,412,412,414,414,414,417,419,419,423,426,427,431,431,433,435,439,444,447,455,461,463,467,468,469,471,479,487,491,493,496,499,499,506,510,551,561,574,589,613,631,642,661,677,688,695,699,716,738,746,754,758,766,780,784,794,806,813,818,827,839,851,868,893,897,910,931,945,958,979,987,998,1009,1024,1033,1050,1070,1088,1097,1116,1130,1156,1169,1177,1186,1198,1210,1224,1252,1276,1305,1330,1347,1358,1375,1415,1439,1464,1486,1500,1522,1545,1588,1606,1649,1694,1703,1752,1785,1830,1884,1928,1962,2015,2042,2095,2212,2283,2389,2504,2578,2630,2731,2862,2988,3109,3262,3393,3453,3573,3743,3839,3935,3936,4163,4253,4318,4464
AR,110,128,150,157,161,161,162,179,229,249,270,280,312,339,360,391,402,410,423,421,439,471,495,508,522,541,550,565,574,576,606,614,619,625,655,664,675,678,679,680,679,688,691,691,696,696,696,697,697,695,695,695,697,696,696,696,696,697,697,697,698,698,698,698,698,698,698,698,698,700,701,703,703,703,705,705,704,704,704,704,704,704,706,706,706,706,706,706,706,706,706,707,707,707,707,707,708,709,712,713,714,719,726,732,743,756,773,786,788,801,836,851,865,891,920,930,969,990,1008,1045,1080,1104,1119,1142,1172,1191,1221,1245,1271,1280,1312,1353,1378,1400,1411,1444,1461,1479,1511,1536,1559,1598,1628,1632,1665,1706,1721,1756,1801,1813,1831,1854,1902,1927,1975,2009,2029,2034,2064,2103,2140,2172,2192,2210,2217,2237,2263,2304,2343,2373,2407,2412,2431,2474,2499,2538,2577,2610,2618,2651,2698,2737,2774,2823,2840,2852,2892,2972,3040,3091,3166,3208,3256,3305,3423,3504,3570,3661,3764,3789,3894,4026,4144,4258,4380,4487,4525,4692,4852
AG,12,14,25,27,31,33,32,52,51,57,57,59,62,67,73,74,90,96,98,110,114,117,118,124,131,134,134,140,143,143,154,156,160,161,164,163,167,173,179,181,188,190,193,199,210,214,219,223,226,229,232,235,236,238,245,253,253,257,260,263,265,267,272,275,279,284,286,287,303,306,320,334,355,365,375,394,415,432,438,465,510,510,566,642,704,715,744,770,793,844,872,919,946,989,1016,1030,1083,1138,1194,1284,1349,1390,1483,1570,1653,1758,1862,1960,2079,2176,2265,2371,2472,2580,2685,2814,2911,3009,3112,3224,3316,3416,3512,3607,3705,3804,3900,3991,4062,4102,4155,4232,4312,4380,4450,4508,4564,4599,4663,4721,4759,4792,4824,4843,4872,4903,4935,4962,4989,5006,5017,5038,5068,5082,5122,5136,5138,5156,5182,5207,5226,5248,5258,5263,5268,5286,5302,5337,5356,5368,5375,5386,5394,5418,5433,5447,5462,5487,5491,5507,5533,5545,5561,5564,5587,5601,5621,5666,5715,5749,5767,5789,5806,5835,5893,5927,5973,6016,6049,6095,6135,6179,6244,6337,6424,6481,6514,6579,6627
BC,24,27,38,39,47,51,56,58,65,69,76,76,81,94,107,102,105,113,117,150,134,136,143,161,172,180,191,226,249,250,266,272,330,349,348,353,360,371,384,388,394,414,418,427,431,445,453,453,465,478,486,490,491,494,498,502,502,506,506,507,511,511,513,515,518,542,545,546,549,550,554,559,562,566,573,575,579,587,587,590,591,598,599,605,608,613,623,632,634,640,650,655,664,671,677,686,692,698,717,744,746,757,775,791,809,821,848,868,920,947,955,1023,1075,1135,1181,1211,1258,1290,1335,1362,1427,1452,1503,1566,1623,1661,1716,1784,1815,1842,1860,1898,1935,1990,2043,2063,2077,2097,2134,2170,2249,2295,2353,2395,2424,2473,2557,2633,2691,2722,2740,2793,2839,2954,3007,3066,3171,3236,3250,3285,3367,3428,3465,3512,3533,3576,3618,3681,3740,3799,3819,3855,3911,3966,4048,4150,4225,4281,4320,4380,4449,4553,4721,4819,4926,4964,5048,5130,5280,5459,5549,5712,5811,5967,6052,6202,6355,6523,6603,6676,6777,6935,7067,7184,7292,7371,7473,7594,7727
BH,44,46,46,52,55,58,66,70,83,83,176,190,198,219,222,233,237,259,294,336,348,360,364,376,416,438,449,456,459,460,467,471,472,478,478,481,483,484,485,489,488,491,492,501,501,508,517,518,527,537,546,546,549,553,561,570,582,586,608,612,624,627,632,635,643,646,646,646,647,649,651,653,658,659,659,660,660,664,664,664,664,665,667,667,668,670,670,671,671,671,673,673,679,694,696,697,701,704,705,707,708,711,715,715,718,720,721,723,723,729,738,754,765,779,785,811,829,852,896,920,958,986,1036,1047,1106,1141,1194,1242,1294,1331,1384,1439,1505,1561,1619,1669,1700,1745,1799,1884,1951,1991,2022,2049,2086,2114,2185,2229,2290,2322,2351,2394,2437,2501,2543,2592,2651,2683,2718,2766,2814,2857,2912,2981,3006,3043,3097,3132,3179,3216,3243,3255,3296,3349,3393,3416,3444,3456,3483,3527,3595,3621,3671,3703,3733,3752,3800,3839,3904,3965,4011,4047,4088,4152,4248,4301,4407,4523,4590,4689,4771,4897,5024,5146,5280,5431,5533,5711,5927
BN,27,28,42,58,70,72,76,78,82,82,82,89,93,93,94,104,109,109,116,137,148,150,151,156,158,172,175,185,187,203,215,221,234,239,247,257,260,262,266,272,276,280,292,300,301,301,305,309,312,315,316,320,319,322,323,328,331,334,335,336,340,343,356,360,362,364,365,367,378,385,394,401,422,422,434,435,439,446,449,454,454,461,479,492,503,510,518,519,523,535,544,554,561,573,574,582,593,603,613,625,631,633,642,652,660,673,682,702,704,711,728,745,761,780,790,792,810,827,844,857,876,886,889,904,921,927,941,955,963,964,978,983,994,1003,1016,1020,1020,1033,1048,1059,1071,1079,1089,1089,1100,1110,1117,1128,1134,1141,1142,1161,1172,1189,1212,1226,1239,1239,1252,1262,1268,1287,1296,1315,1315,1325,1342,1358,1375,1383,1388,1389,1403,1416,1427,1443,1469,1479,1481,1500,1511,1524,1541,1560,1570,1570,1607,1635,1656,1676,1713,1734,1734,1768,1812,1845,1888,1924,1950,1950,2004,2054,2105,2156,2235,2297,2300,2372,2453
BT,44,48,68,84,86,88,106,119,155,156,156,172,231,290,310,308,308,308,314,338,393,407,410,414,431,442,446,456,456,458,483,517,534,545,560,577,568,586,593,622,632,640,646,655,659,664,676,691,694,697,704,710,715,726,733,739,744,750,758,772,781,789,796,812,818,826,833,835,851,858,871,884,890,899,908,921,941,949,954,956,960,974,979,989,995,995,1008,1011,1020,1023,1027,1033,1041,1045,1047,1050,1057,1060,1070,1070,1073,1076,1081,1084,1089,1091,1099,1102,1104,1108,1112,1117,1125,1131,1138,1144,1148,1159,1166,1169,1171,1180,1182,1187,1188,1192,1195,1199,1203,1204,1211,1213,1221,1227,1229,1237,1239,1245,1250,1257,1261,1269,1275,1283,1289,1301,1307,1312,1318,1322,1329,1339,1351,1356,1365,1368,1379,1379,1386,1396,1398,1418,1428,1430,1430,1456,1472,1483,1492,1510,1511,1539,1544,1552,1588,1604,1618,1631,1637,1653,1671,1684,1708,1720,1734,1752,1765,1796,1835,1881,1923,1947,1979,2012,2051,2100,2156,2203,2290,2326,2377,2432,2492,2547,2674,2720,2762,2820,2941
BV,124,127,131,138,156,161,175,190,219,238,253,263,270,286,299,308,315,340,345,348,373,382,386,396,416,422,429,457,470,473,489,492,504,519,532,539,557,574,577,578,594,597,604,613,616,627,630,646,662,670,677,685,685,697,707,723,736,743,750,752,756,762,794,806,826,837,855,890,923,941,958,977,1022,1029,1051,1085,1121,1148,1158,1215,1227,1245,1277,1319,1351,1395,1409,1437,1484,1497,1553,1615,1651,1694,1698,1743,1796,1851,1905,1950,1997,2014,2076,2130,2184,2229,2296,2328,2381,2424,2472,2585,2643,2673,2703,2811,2884,2933,2993,3064,3116,3197,3227,3322,3413,3468,3547,3579,3639,3683,3710,3752,3810,3848,3881,3932,3964,4003,4029,4099,4144,4184,4223,4256,4299,4334,4392,4459,4519,4552,4564,4603,4663,4697,4772,4804,4850,4856,4900,4956,5006,5056,5109,5151,5175,5217,5252,5312,5368,5419,5502,5525,5563,5660,5721,5784,5837,5889,5972,6030,6061,6122,6200,6277,6369,6411,6459,6554,6634,6684,6840,6933,6970,7059,7165,7295,7411,7526,7773,7912,7969,8096,8233,8466,8580,8677,8731,8921,9106
BR,13,11,11,11,12,14,16,16,16,16,16,16,16,16,16,16,18,18,18,19,19,20,20,20,22,22,22,23,23,23,25,25,25,24,18,19,19,19,19,19,19,19,19,20,20,20,19,19,19,19,22,25,25,25,27,27,27,28,28,28,32,41,42,43,43,43,43,43,47,51,56,56,88,92,93,93,98,108,112,122,128,130,131,154,161,165,190,201,218,219,226,235,238,243,251,253,253,271,275,287,298,303,317,330,336,356,376,392,401,421,464,492,544,596,636,666,729,762,809,831,872,893,910,943,962,991,1005,1033,1070,1093,1128,1149,1171,1197,1213,1227,1272,1295,1330,1355,1371,1385,1414,1438,1455,1483,1544,1599,1636,1693,1702,1722,1747,1771,1798,1820,1873,1888,1903,1933,1955,1982,2021,2039,2063,2074,2097,2122,2155,2173,2194,2202,2220,2242,2262,2290,2326,2340,2352,2362,2394,2405,2433,2446,2477,2500,2520,2574,2591,2628,2673,2673,2735,2766,2801,2851,2882,2933,2979,3007,3032,3062,3099,3125,3155,3180,3204,3235,3264
BZ,12,12,12,13,13,13,13,13,13,13,13,14,14,14,14,15,15,15,15,18,14,14,15,16,17,20,20,20,20,20,21,41,43,48,54,61,63,65,66,83,95,97,97,104,105,122,141,148,151,153,158,158,160,164,181,188,188,191,196,198,198,201,202,204,211,216,223,225,233,234,253,276,308,326,336,343,351,369,397,405,426,433,443,467,479,494,522,533,565,583,613,627,630,635,644,651,684,727,750,772,794,824,842,859,883,912,941,967,992,1018,1041,1066,1099,1125,1156,1182,1223,1248,1284,1308,1333,1364,1376,1391,1426,1465,1493,1530,1556,1581,1620,1639,1687,1717,1763,1810,1831,1870,1900,1964,2011,2035,2051,2077,2097,2121,2154,2177,2219,2234,2246,2286,2314,2333,2354,2375,2377,2449,2472,2492,2505,2520,2542,2555,2562,2574,2584,2593,2609,2624,2641,2650,2665,2683,2695,2713,2724,2733,2745,2756,2774,2800,2823,2841,2862,2874,2896,2940,2968,2996,3029,3047,3063,3091,3115,3156,3187,3242,3282,3305,3334,3403,3446,3496,3546,3592,3621,3670,3726
CS,17,17,21,21,23,28,34,38,48,51,53,57,57,58,58,64,64,64,64,70,78,79,83,83,87,88,88,89,92,94,102,106,109,108,108,108,109,109,109,109,110,110,110,110,110,110,110,110,111,112,112,112,112,112,112,112,112,112,112,112,112,112,112,112,112,112,112,112,112,112,112,112,112,112,112,112,112,112,112,112,112,112,112,112,113,113,113,113,113,114,116,118,119,119,119,119,120,122,124,126,128,128,130,134,135,137,144,145,145,164,167,171,182,198,201,201,222,233,248,268,287,290,290,315,329,350,370,391,416,416,435,448,457,476,492,493,493,499,517,538,551,572,573,573,595,606,619,641,659,664,664,695,722,741,799,815,822,822,852,899,908,946,965,974,975,1002,1025,1051,1087,1116,1125,1130,1174,1196,1220,1237,1257,1261,1264,1313,1355,1382,1406,1425,1439,1439,1501,1536,1561,1629,1676,1705,1709,1773,1817,1859,1912,1953,1984,1984,2056,2125,2187,2240,2269,2297,2303,2372,2443
CL,26,29,30,31,33,35,34,35,35,35,39,39,41,41,40,40,40,44,47,47,49,51,51,51,51,48,48,48,49,51,53,59,61,62,61,62,61,61,63,64,65,67,69,69,73,74,75,77,77,78,79,80,82,87,87,90,92,94,95,95,99,99,99,101,103,103,103,104,105,109,110,117,131,133,136,137,143,144,146,148,148,149,149,160,163,165,165,171,177,178,177,177,178,181,181,183,190,197,198,200,209,209,214,219,224,229,229,236,237,243,247,254,256,270,274,275,278,281,282,295,302,307,311,320,330,336,338,343,347,354,360,372,379,381,393,401,417,412,421,442,443,464,468,480,493,497,510,516,525,532,540,547,554,570,574,586,598,608,615,621,630,639,645,653,669,676,683,692,707,716,723,737,756,768,776,785,796,803,810,815,830,846,855,863,883,895,920,933,943,957,992,1010,1042,1071,1097,1127,1143,1156,1198,1220,1257,1298,1316,1368,1393,1446,1472,1516,1529
CJ,108,121,110,114,119,129,148,152,177,183,187,198,203,215,224,237,248,259,263,261,278,292,299,305,308,315,325,349,367,399,407,428,428,447,455,460,458,463,514,514,516,518,513,526,526,526,527,532,538,538,538,538,542,538,540,548,549,548,551,557,560,564,575,575,586,586,587,587,584,587,587,597,599,603,611,620,628,630,649,652,655,655,661,663,669,669,676,676,681,682,687,688,693,693,693,712,715,717,734,753,762,771,790,803,820,825,845,867,891,902,948,970,973,1004,1011,1073,1082,1133,1133,1195,1235,1251,1267,1294,1332,1368,1398,1433,1445,1456,1479,1521,1551,1586,1618,1637,1650,1676,1705,1741,1784,1783,1840,1855,1874,1916,1944,1965,1999,2015,2031,2064,2101,2144,2197,2233,2243,2259,2288,2322,2361,2382,2427,2446,2467,2516,2615,2697,2765,2800,2822,2860,2901,2984,3041,3099,3171,3205,3247,3320,3396,3500,3566,3648,3682,3765,3850,3948,4065,4194,4332,4426,4495,4667,4865,5092,5359,5530,5659,5744,5972,6315,6653,6926,7266,7430,7629,7893,8249
CT,117,110,114,117,119,114,124,124,155,157,151,158,163,168,172,181,183,186,198,213,222,222,223,224,233,229,228,231,235,238,243,250,245,245,247,248,249,252,251,252,252,253,256,257,258,260,261,265,265,266,267,269,270,276,276,278,279,279,279,283,284,283,284,286,294,297,298,300,302,301,304,307,312,312,316,326,331,336,352,367,378,380,390,404,411,421,429,434,446,454,458,468,475,482,484,492,500,508,528,534,542,542,553,562,576,590,611,624,645,657,689,713,745,772,798,811,845,875,902,931,957,975,990,1024,1054,1082,1113,1141,1166,1182,1202,1218,1255,1277,1305,1330,1333,1354,1374,1396,1431,1454,1471,1499,1520,1543,1577,1619,1647,1661,1688,1715,1756,1800,1823,1842,1865,1879,1901,1954,1975,2015,2037,2074,2096,2112,2172,2213,2235,2280,2308,2337,2352,2417,2499,2565,2637,2725,2756,2791,2850,2972,3048,3118,3186,3215,3291,3385,3470,3539,3626,3711,3752,3818,3904,3987,4084,4176,4230,4313,4404,4508,4610,4739,4865,4961,5024,5162,5269
CV,38,37,47,52,55,57,62,79,91,117,123,124,123,123,123,154,154,154,154,168,165,168,173,177,179,178,178,188,189,189,196,195,196,205,209,211,214,219,221,222,225,226,228,228,228,228,229,229,229,229,229,230,230,230,230,230,229,229,229,230,230,230,230,230,223,223,223,223,224,233,238,239,245,247,248,248,252,253,260,264,264,269,268,271,273,276,277,279,280,286,288,291,296,299,299,302,310,318,323,328,329,331,331,335,342,351,358,359,369,376,382,382,386,397,398,398,401,403,417,429,439,450,451,469,488,512,523,532,535,535,536,555,577,598,602,609,610,617,633,642,668,681,685,685,693,708,721,739,748,752,752,772,795,812,816,843,844,860,882,902,904,935,944,955,955,964,989,1017,1050,1062,1075,1076,1084,1106,1129,1141,1160,1167,1175,1182,1233,1241,1285,1289,1313,1315,1342,1355,1380,1407,1421,1466,1466,1517,1540,1580,1613,1652,1702,1704,1745,1782,1822,1845,1894,1950,1950,1999,2046
DB,19,27,23,24,25,27,28,30,30,30,31,31,31,31,73,73,82,82,85,89,88,91,90,95,96,96,96,99,99,103,110,113,122,121,126,130,140,147,148,152,156,157,170,194,228,236,238,240,244,247,252,258,261,268,268,280,282,292,290,290,295,298,299,305,313,317,319,321,329,342,348,355,356,364,372,383,386,400,407,426,428,437,445,470,477,491,507,513,535,561,580,625,635,668,683,697,756,822,857,885,935,965,987,1037,1053,1113,1137,1169,1194,1253,1289,1343,1413,1429,1500,1631,1682,1766,1792,1842,1914,1956,1992,2043,2092,2138,2224,2293,2319,2344,2415,2444,2475,2534,2565,2606,2639,2656,2685,2715,2749,2786,2807,2828,2851,2895,2942,2972,3020,3062,3080,3099,3150,3182,3213,3248,3255,3302,3325,3370,3404,3416,3450,3473,3502,3524,3556,3581,3633,3678,3706,3721,3743,3775,3800,3835,3858,3893,3940,3964,4023,4078,4110,4160,4209,4239,4262,4299,4427,4479,4550,4597,4666,4725,4854,4937,4989,5110,5166,5219,5281,5409,5546,5637,5757,5867,5898,5995,6163
DJ,27,27,27,29,29,39,39,40,43,43,44,43,55,55,57,59,61,61,63,69,65,66,70,80,82,100,101,117,123,127,128,126,129,132,135,138,139,140,145,150,152,153,154,162,165,166,169,172,178,183,191,195,204,207,207,211,217,222,223,230,230,233,235,238,239,242,242,243,246,248,252,253,253,253,255,258,261,262,262,263,263,265,271,276,277,280,287,292,295,300,304,304,324,333,333,339,352,356,361,386,387,391,394,402,409,418,430,452,458,469,485,500,533,567,591,625,630,649,686,719,772,805,809,829,839,875,921,932,959,980,985,1028,1093,1142,1198,1226,1250,1280,1371,1394,1431,1457,1491,1517,1520,1545,1571,1596,1640,1699,1717,1733,1794,1815,1849,1873,1946,1967,1985,2002,2039,2071,2140,2175,2200,2200,2258,2293,2370,2403,2481,2483,2507,2557,2588,2622,2686,2749,2766,2779,2830,2881,2939,2989,3068,3104,3138,3221,3311,3441,3528,3638,3691,3741,3936,3994,4127,4265,4492,4548,4605,4806,4913,5071,5218,5382,5528,5638,5800
GL,90,101,101,119,133,128,175,182,183,190,195,204,229,240,260,262,276,287,297,287,296,324,333,346,354,362,362,368,393,396,422,422,426,431,441,444,502,513,514,519,522,522,529,530,537,542,546,548,557,559,566,571,572,574,580,582,591,594,600,603,614,616,620,628,634,637,640,641,645,658,662,672,682,687,693,716,722,735,767,772,780,786,794,810,821,842,855,866,883,912,937,966,989,1028,1061,1105,1122,1138,1169,1220,1239,1269,1316,1363,1416,1475,1514,1571,1626,1677,1727,1786,1822,1844,1885,1907,1928,1995,2050,2097,2123,2187,2249,2289,2331,2399,2439,2468,2534,2561,2608,2662,2709,2751,2806,2840,2860,2898,2920,2955,2994,3036,3069,3086,3114,3142,3174,3207,3253,3275,3302,3335,3363,3390,3420,3441,3467,3482,3496,3532,3557,3591,3610,3629,3640,3658,3690,3719,3759,3768,3812,3849,3880,3920,4003,4049,4059,4115,4168,4221,4277,4335,4359,4381,4438,4503,4519,4571,4620,4742,4840,4915,4983,5048,5129,5243,5280,5341,5395,5453,5513,5584,5651,5712,5799,5836,5908,5971,6051
GR,22,23,24,32,34,36,46,46,47,49,64,74,75,80,83,91,98,101,104,109,111,123,126,127,127,128,127,130,134,134,134,140,146,148,148,156,168,196,201,205,209,204,202,205,205,205,207,210,210,210,211,211,212,212,212,213,216,216,219,222,223,224,226,226,233,233,233,233,237,237,238,239,242,242,248,250,253,254,256,256,258,257,259,264,265,266,266,268,268,269,269,270,272,274,275,278,280,281,281,283,283,283,293,295,313,319,326,328,328,328,330,331,348,369,371,380,391,394,395,404,404,407,425,434,436,439,439,455,460,468,481,489,501,511,521,528,535,549,565,582,584,586,595,603,619,634,647,679,686,688,690,699,707,728,751,777,785,799,804,825,845,870,883,891,902,911,920,939,955,977,985,990,990,1011,1025,1042,1051,1055,1062,1084,1113,1140,1168,1182,1193,1210,1220,1238,1252,1269,1283,1320,1350,1368,1418,1448,1476,1502,1534,1548,1564,1588,1617,1636,1661,1674,1679,1720,1764
GJ,8,8,8,8,7,7,9,10,8,8,10,10,10,10,12,12,17,17,23,25,26,31,31,34,38,39,44,47,55,59,65,66,70,70,74,77,78,78,78,82,84,89,88,88,90,94,95,96,100,103,113,117,120,123,134,135,137,142,143,146,147,151,151,152,153,154,157,158,158,160,161,163,171,175,175,178,180,184,191,196,196,202,204,209,212,217,220,226,226,234,241,247,259,263,287,299,315,338,367,405,422,429,429,444,475,501,525,545,550,576,602,613,643,679,698,699,703,723,766,807,840,868,870,909,948,978,1023,1047,1105,1127,1160,1184,1206,1235,1257,1269,1290,1302,1341,1366,1383,1427,1441,1452,1468,1483,1492,1514,1535,1547,1551,1558,1585,1603,1624,1624,1643,1654,1666,1685,1701,1711,1724,1735,1739,1754,1762,1777,1798,1818,1825,1832,1846,1870,1886,1908,1928,1937,1942,1954,1979,2000,2022,2054,2068,2085,2097,2149,2182,2223,2247,2269,2278,2315,2347,2379,2412,2438,2458,2472,2507,2541,2565,2602,2640,2663,2698,2734,2783
HR,1,1,1,3,3,3,4,5,6,7,7,7,7,9,11,16,16,17,17,19,18,19,19,20,19,19,19,22,23,22,21,21,21,21,22,21,24,24,24,24,24,25,36,54,63,65,68,90,100,100,105,115,117,120,121,123,124,129,134,136,140,153,160,164,168,172,172,174,183,188,193,197,205,211,220,232,241,252,262,270,272,281,284,290,302,309,313,314,318,322,324,328,338,341,342,348,357,360,367,372,380,383,389,395,403,408,418,421,424,424,424,433,437,451,460,464,484,502,519,534,538,543,545,560,574,584,589,599,605,605,610,617,618,626,631,631,635,637,642,649,652,657,662,664,668,679,684,689,697,700,702,717,727,739,753,760,771,780,788,794,803,807,811,815,820,832,843,856,871,876,884,883,894,901,911,926,944,959,967,975,999,1030,1057,1081,1093,1103,1135,1176,1225,1273,1314,1360,1384,1478,1572,1655,1774,1885,1950,1996,2081,2178,2299,2429,2528,2575,2607,2672,2764
HD,108,123,124,138,158,174,212,227,254,303,303,320,320,333,372,385,391,392,392,405,437,447,455,472,472,488,492,513,515,517,527,534,541,546,556,557,558,565,565,568,589,595,598,607,616,616,617,617,619,620,622,626,626,627,628,630,631,632,632,632,633,634,635,637,638,638,638,638,638,639,639,640,640,640,640,640,640,640,640,640,641,641,645,650,652,654,655,655,659,661,663,663,664,664,664,665,667,688,693,706,709,711,717,728,744,754,759,765,766,782,798,831,848,860,869,878,897,908,926,961,975,996,1002,1024,1050,1074,1089,1115,1122,1127,1178,1249,1269,1314,1333,1360,1365,1392,1424,1433,1451,1487,1505,1514,1531,1554,1577,1594,1642,1674,1689,1699,1728,1750,1761,1773,1794,1796,1820,1855,1878,1891,1910,1933,1939,1946,1980,2030,2055,2071,2074,2074,2096,2138,2185,2202,2229,2237,2257,2280,2348,2382,2407,2415,2449,2460,2529,2576,2630,2678,2793,2837,2855,2911,2974,3034,3114,3214,3272,3281,3352,3395,3515,3609,3683,3709,3760,3853,3954
IL,45,50,56,63,72,79,81,85,89,100,102,108,110,114,114,115,115,119,128,141,148,148,149,154,154,160,165,180,188,191,214,217,244,266,274,276,281,289,289,296,297,312,319,319,321,332,336,336,342,346,347,352,352,354,355,359,360,360,361,364,365,368,387,391,394,396,396,410,394,397,399,400,401,401,401,402,406,408,408,409,410,415,414,418,420,423,425,425,430,432,436,440,440,444,444,455,464,503,514,521,522,537,544,553,559,567,576,585,592,604,609,659,669,677,691,695,710,715,724,733,742,744,748,768,773,784,787,805,822,824,829,838,856,871,874,884,884,886,888,900,909,909,918,920,926,926,934,944,945,951,962,970,970,979,1009,1011,1012,1020,1040,1041,1047,1054,1058,1076,1076,1086,1089,1110,1129,1141,1161,1169,1182,1183,1191,1205,1213,1225,1241,1243,1254,1274,1282,1318,1333,1337,1373,1387,1423,1438,1467,1497,1527,1543,1573,1587,1636,1637,1683,1696,1741,1787,1808,1858,1878,1907,1919,1969,2016
IS,72,81,88,87,92,106,131,99,107,113,118,119,121,130,149,154,156,155,161,179,195,207,216,222,230,237,243,255,266,267,276,283,294,305,307,321,322,287,311,325,326,341,342,358,366,367,369,388,428,430,456,477,496,514,525,526,540,551,565,575,584,594,600,611,620,647,654,663,678,683,695,716,727,737,743,754,774,807,830,848,876,889,896,939,957,960,969,980,991,992,999,1005,1021,1026,1027,1031,1042,1048,1055,1063,1070,1075,1084,1094,1108,1117,1125,1136,1139,1149,1176,1204,1220,1260,1315,1329,1359,1385,1430,1464,1491,1543,1562,1584,1609,1637,1668,1691,1760,1772,1803,1852,1894,1941,1977,2024,2076,2110,2180,2218,2274,2349,2421,2492,2547,2619,2690,2779,2852,2912,2973,3068,3129,3187,3249,3309,3366,3421,3465,3524,3587,3649,3714,3769,3810,3856,3927,4037,4128,4167,4236,4271,4328,4421,4498,4576,4656,4739,4911,4935,5018,5151,5258,5430,5557,5673,5765,5922,6115,6296,6502,6641,6805,6918,7075,7275,7451,7746,7876,8001,8215,8446,8757,9025,9291,9435,9491,9692,9959
IF,60,64,78,89,99,99,107,115,117,119,126,132,135,154,160,159,186,189,193,207,214,218,224,231,246,252,260,265,274,272,281,300,304,324,336,375,363,368,375,379,385,393,404,408,416,426,427,434,435,441,447,451,506,508,510,512,518,527,529,530,529,536,543,548,554,558,559,559,584,603,607,615,622,623,628,640,649,656,668,669,671,671,690,700,709,714,714,728,736,746,752,758,781,791,793,816,835,850,868,886,899,899,923,938,948,959,988,1009,1012,1045,1069,1077,1105,1131,1160,1173,1206,1230,1254,1286,1315,1332,1339,1367,1393,1423,1451,1496,1499,1516,1545,1554,1624,1660,1709,1758,1787,1809,1833,1869,1887,1904,1909,1939,1974,2007,2070,2113,2132,2143,2179,2212,2230,2260,2271,2319,2356,2362,2425,2463,2503,2552,2601,2612,2627,2680,2745,2800,2833,2885,2904,2918,2943,2998,3035,3127,3165,3181,3199,3265,3342,3397,3499,3541,3559,3603,3646,3724,3795,3858,3911,3989,4017,4101,4183,4284,4356,4466,4541,4576,4674,4804,5010,5146,5328,5430,5495,5655,5745
MM,46,42,42,42,43,41,43,43,45,49,49,51,55,55,55,55,55,55,57,65,67,68,69,69,70,71,72,72,75,74,75,75,76,67,67,68,68,70,71,71,73,80,80,81,81,82,84,85,84,90,92,94,96,96,97,97,97,98,99,100,100,100,101,103,106,109,109,109,111,113,115,116,119,120,122,122,125,132,141,143,144,149,149,151,154,157,162,181,193,198,203,206,206,210,214,216,219,227,228,232,236,237,239,250,251,257,268,270,278,284,287,298,313,332,344,354,374,386,401,413,427,457,491,502,522,542,556,581,612,624,648,687,718,773,794,815,824,841,878,915,947,976,988,999,1020,1053,1081,1090,1114,1131,1157,1188,1214,1236,1284,1299,1319,1340,1365,1391,1416,1464,1505,1524,1552,1587,1640,1668,1667,1738,1749,1779,1806,1851,1881,1906,1946,1958,1981,2018,2072,2107,2139,2162,2192,2215,2266,2316,2401,2433,2482,2518,2577,2632,2701,2777,2893,2944,3003,3089,3168,3231,3359,3465,3522,3587,3768,3923,4023
MH,11,13,12,13,13,13,15,16,17,17,19,22,22,28,35,35,37,37,43,47,48,49,49,52,58,58,59,62,62,65,67,70,72,73,75,76,77,80,82,82,85,86,89,91,92,92,96,97,101,101,104,105,107,107,108,108,109,112,112,114,114,115,115,115,117,128,131,135,136,139,142,150,153,156,157,161,163,165,168,173,174,177,177,180,181,183,185,185,186,190,193,197,201,205,208,218,227,233,249,256,263,270,283,291,303,315,323,334,337,356,371,391,449,531,599,609,680,697,708,724,746,771,787,811,822,835,854,869,882,893,906,928,945,957,965,971,981,996,1010,1022,1034,1050,1057,1061,1078,1090,1102,1111,1117,1126,1133,1145,1161,1180,1194,1201,1206,1210,1217,1221,1229,1234,1246,1252,1255,1265,1276,1291,1315,1323,1328,1336,1346,1354,1357,1396,1410,1416,1417,1422,1426,1430,1436,1444,1449,1456,1462,1499,1507,1522,1553,1575,1593,1617,1638,1655,1676,1693,1703,1711,1741,1796,1820,1882,1914,1945,1954,2006,2035
MS,55,57,57,56,92,103,146,161,203,217,222,229,243,250,250,268,268,295,303,312,325,335,351,389,407,412,423,434,446,447,487,510,527,535,573,595,597,598,602,608,621,638,641,646,652,655,657,659,660,660,660,661,661,666,670,675,680,680,680,680,682,683,683,685,687,689,689,689,691,694,694,696,700,702,702,702,708,712,714,717,719,722,724,725,728,731,732,732,736,738,745,748,751,762,764,767,788,790,804,808,810,818,821,829,838,848,854,860,866,871,878,885,892,908,914,918,936,949,960,978,990,998,1004,1014,1023,1030,1054,1064,1082,1091,1094,1111,1134,1162,1172,1184,1191,1202,1221,1237,1253,1261,1273,1282,1294,1313,1334,1369,1386,1398,1400,1407,1429,1452,1458,1483,1497,1507,1514,1529,1547,1557,1569,1585,1592,1597,1609,1621,1632,1640,1654,1660,1672,1694,1721,1739,1755,1783,1795,1817,1863,1894,1938,1983,2008,2041,2066,2136,2202,2274,2352,2415,2497,2612,2723,2846,2952,3075,3169,3223,3309,3543,3694,3864,4054,4191,4315,4410,4601
NT,150,148,160,160,182,196,202,234,265,285,286,304,344,348,350,357,364,368,368,384,405,415,428,434,435,451,461,484,507,512,520,521,534,548,617,635,708,761,760,773,785,805,824,834,834,834,834,841,845,859,864,871,870,873,873,877,879,882,883,883,884,884,893,896,907,907,908,915,916,916,922,923,924,924,929,931,940,943,947,948,948,952,952,955,957,958,960,960,963,965,970,974,977,980,980,981,989,992,995,1000,1003,1004,1006,1013,1029,1034,1048,1054,1059,1071,1087,1098,1108,1128,1139,1147,1173,1204,1241,1309,1335,1348,1359,1393,1431,1455,1483,1512,1528,1535,1566,1604,1644,1692,1732,1764,1765,1792,1834,1857,1909,1935,1960,1965,1990,2023,2049,2062,2093,2112,2129,2157,2183,2239,2282,2318,2347,2365,2401,2426,2483,2531,2573,2599,2603,2642,2683,2719,2764,2812,2851,2857,2895,2947,2971,3003,3069,3107,3110,3165,3218,3259,3329,3477,3556,3625,3691,3770,3845,3922,4046,4161,4189,4304,4407,4500,4610,4719,4825,4846,4928,5016,5177,5280,5392,5474,5477,5571,5751
OT,8,11,11,11,11,12,12,11,11,12,12,13,13,13,13,13,13,13,13,17,20,23,22,33,36,36,38,45,42,42,45,49,47,48,48,48,53,53,53,51,51,52,53,53,53,53,53,53,65,67,67,75,76,76,78,78,80,80,85,91,93,93,96,100,101,106,112,116,119,122,125,128,130,133,133,136,140,145,153,158,163,166,171,179,186,187,216,223,232,236,249,255,266,280,294,301,317,328,339,365,368,385,394,407,437,448,469,493,505,526,529,561,581,607,635,654,665,692,711,732,747,769,787,800,827,848,862,898,912,921,937,951,980,1015,1049,1067,1075,1085,1101,1122,1150,1168,1187,1207,1217,1233,1251,1268,1287,1309,1312,1321,1335,1358,1375,1389,1409,1412,1423,1430,1455,1472,1496,1517,1531,1548,1603,1652,1676,1696,1707,1710,1727,1736,1768,1778,1801,1817,1825,1837,1850,1872,1909,1938,1978,1980,2007,2046,2102,2140,2204,2230,2231,2296,2346,2423,2497,2586,2687,2769,2813,2858,2929,2981,3045,3107,3145,3245,3325
PH,27,25,26,33,36,36,36,38,39,39,39,39,39,48,50,51,52,52,54,51,52,55,58,59,66,67,68,68,70,72,73,70,71,72,73,73,75,76,76,78,79,79,79,79,79,80,82,83,89,94,96,96,96,100,104,108,110,110,113,113,114,115,117,117,120,120,121,123,124,130,133,143,153,170,176,181,188,204,213,225,235,240,246,277,344,359,365,382,396,406,472,526,547,569,587,614,644,679,710,732,765,813,845,880,920,993,1028,1099,1126,1183,1253,1288,1323,1431,1511,1631,1694,1795,1873,1940,2043,2097,2134,2195,2271,2373,2483,2560,2632,2692,2743,2808,2896,2974,3057,3153,3244,3293,3345,3453,3565,3633,3718,3781,3834,3899,3986,4064,4121,4174,4230,4287,4341,4383,4447,4480,4549,4604,4641,4674,4739,4813,4883,4941,4974,5017,5101,5160,5219,5261,5308,5338,5378,5419,5471,5558,5629,5684,5760,5809,5885,5950,6027,6104,6154,6213,6309,6410,6511,6619,6783,6906,7016,7138,7301,7438,7583,7710,7855,7980,8112,8224,8368,8557,8724,8888,9002,9170,9280
SM,16,15,21,25,27,25,28,30,32,37,37,37,39,41,42,44,45,45,46,48,53,53,53,55,55,55,55,54,54,54,52,52,52,53,53,53,54,54,54,54,54,54,56,56,57,57,58,58,60,60,61,61,61,61,61,61,61,61,61,61,61,62,62,62,62,62,62,62,63,63,63,64,64,64,66,67,69,70,70,73,74,76,76,76,76,76,76,76,76,77,77,78,80,80,80,81,81,82,82,82,82,82,82,82,82,82,83,84,84,85,86,86,87,92,91,91,94,96,99,102,108,110,110,112,114,116,123,124,127,127,134,137,143,150,159,172,172,173,203,216,225,225,246,246,246,264,271,276,280,292,293,309,321,334,346,347,363,363,371,389,410,418,434,441,438,447,467,496,506,517,529,530,549,563,578,592,617,643,643,683,705,728,745,768,786,786,798,818,849,872,904,922,924,949,992,1048,1092,1132,1165,1195,1198,1262,1298,1335,1375,1416,1417,1514,1568
SJ,7,5,8,10,11,11,12,13,13,17,17,18,18,19,19,20,20,20,23,27,28,28,29,30,30,31,31,32,34,34,40,40,43,45,45,45,48,50,50,51,52,52,55,72,75,75,77,77,78,80,85,85,85,85,87,87,87,91,93,93,93,93,98,98,98,99,99,100,102,102,103,106,107,107,107,109,109,109,111,111,111,113,113,113,114,117,118,118,118,118,119,119,120,120,120,121,121,121,121,121,121,121,123,124,124,127,127,127,127,132,137,139,142,152,156,156,163,167,173,175,179,188,189,195,202,208,214,219,228,228,234,238,244,250,259,264,264,276,285,296,305,310,319,319,331,337,344,360,367,370,370,382,400,410,420,427,432,433,444,451,463,472,485,499,499,509,529,540,559,577,589,590,600,614,621,638,649,672,673,709,729,743,760,774,807,806,852,914,957,1003,1057,1110,1113,1171,1224,1259,1331,1411,1466,1492,1526,1671,1758,1899,1992,2092,2096,2180,2293
SB,27,27,49,55,69,72,90,94,101,109,111,116,120,125,126,139,166,177,182,195,209,228,238,238,259,270,282,297,307,334,352,368,371,373,387,400,403,406,416,424,437,440,442,445,451,457,459,470,470,475,479,483,485,491,494,499,500,503,504,505,506,509,509,509,509,510,514,518,521,523,533,539,545,545,558,565,568,573,576,585,591,597,616,627,632,638,644,650,652,654,660,662,668,673,673,676,684,685,689,696,699,702,707,717,730,735,745,763,770,779,792,801,832,850,856,864,870,882,894,904,916,928,944,955,966,994,1017,1055,1072,1087,1098,1123,1142,1163,1182,1197,1208,1223,1230,1248,1270,1292,1307,1320,1343,1356,1374,1402,1416,1437,1449,1475,1491,1513,1528,1549,1576,1586,1612,1628,1660,1713,1742,1770,1780,1795,1834,1864,1901,1931,1952,1963,1981,2010,2032,2054,2076,2107,2136,2154,2191,2241,2278,2332,2374,2386,2441,2522,2592,2662,2821,2904,2955,3011,3161,3290,3424,3490,3587,3639,3677,3807,3927,4087,4199,4349,4394,4525,4654
SV,866,967,1215,1228,1322,1430,1487,1529,1614,1661,1731,1733,1763,1910,1924,2019,2105,2115,2238,2372,2417,2477,2499,2613,2650,2695,2733,2765,2859,2881,2899,2964,3010,3035,3111,3165,3189,3213,3272,3283,3317,3370,3386,3408,3421,3448,3478,3469,3472,3455,3415,3438,3453,3454,3465,3481,3496,3515,3523,3536,3534,3540,3552,3576,3593,3612,3634,3653,3668,3693,3710,3734,3741,3745,3808,3829,3852,3871,3883,3901,3920,3946,3967,3972,3983,3990,3998,4002,4010,4032,4046,4063,4078,4087,4090,4098,4116,4134,4141,4162,4167,4177,4188,4200,4218,4233,4251,4257,4268,4290,4317,4337,4371,4397,4409,4421,4439,4472,4514,4527,4545,4576,4584,4599,4633,4656,4681,4713,4731,4741,4769,4805,4842,4862,4891,4915,4922,4966,4996,5024,5043,5070,5081,5097,5128,5159,5196,5240,5270,5286,5298,5331,5374,5417,5456,5501,5529,5540,5568,5608,5662,5737,5786,5807,5829,5882,5973,6033,6082,6137,6169,6185,6245,6285,6336,6387,6420,6456,6473,6489,6564,6602,6649,6741,6765,6779,6850,6918,6988,7082,7166,7202,7220,7310,7483,7599,7732,7830,7903,7941,8038,8236,8348,8483,8557,8635,8646,8822,8985
TR,24,21,21,30,31,36,41,56,59,62,65,70,74,76,77,79,79,80,80,95,96,96,95,96,96,95,96,101,101,102,105,105,109,94,93,101,103,101,101,106,109,109,113,113,114,116,118,118,119,124,128,130,131,134,138,138,144,144,144,144,144,145,146,146,146,146,147,148,147,147,147,149,149,149,150,151,151,151,153,154,154,154,155,155,158,158,158,158,159,160,163,164,165,165,165,168,170,173,175,179,179,191,198,200,206,208,218,218,218,232,250,262,298,309,312,316,327,335,344,354,363,367,369,380,385,397,404,409,411,414,424,433,440,447,458,458,466,471,483,496,508,521,521,531,541,558,567,573,578,585,592,601,617,635,653,672,672,698,721,747,762,776,795,799,820,840,860,888,916,944,949,949,998,1033,1078,1121,1158,1169,1181,1232,1264,1352,1396,1475,1486,1505,1576,1628,1695,1754,1830,1852,1872,1955,2038,2090,2216,2259,2307,2344,2439,2517,2529,2616,2725,2735,2760,2880,2918
TM,126,136,176,181,191,227,252,259,275,284,300,318,322,341,354,361,376,377,389,385,403,408,418,430,443,445,449,451,454,466,479,458,461,474,464,465,464,471,472,472,477,486,488,491,494,494,494,494,494,496,498,498,498,500,501,501,504,505,506,506,506,508,508,508,508,509,509,509,509,509,510,511,511,511,511,511,512,513,514,514,514,514,516,516,516,517,517,517,520,522,527,527,534,534,538,546,554,566,569,585,600,607,616,639,673,693,765,780,786,829,858,896,917,983,995,1014,1075,1115,1191,1233,1291,1297,1331,1374,1432,1500,1544,1581,1620,1636,1675,1720,1800,1854,1930,1940,1947,1977,2034,2081,2119,2226,2244,2284,2307,2355,2416,2473,2518,2550,2561,2590,2650,2692,2770,2807,2829,2841,2881,2925,2994,3030,3070,3118,3121,3153,3218,3275,3336,3397,3454,3472,3509,3584,3641,3706,3777,3836,3858,3894,3964,4050,4129,4228,4274,4298,4380,4484,4626,4720,4825,4980,5032,5143,5248,5423,5570,5772,5955,6021,6168,6344,6549,6882,7178,7338,7601,7826,8144
TL,6,6,6,6,6,10,11,12,13,14,16,18,23,24,25,31,31,35,35,35,35,37,39,38,40,44,44,47,50,53,54,55,57,62,65,78,81,86,88,90,93,96,96,98,108,108,114,128,135,135,139,141,141,143,143,145,145,146,150,150,153,153,153,155,155,157,158,158,158,162,162,164,165,165,166,167,167,169,171,171,172,173,173,176,176,180,180,180,180,180,183,187,188,189,190,191,192,192,198,201,203,205,206,208,218,222,229,231,230,234,241,244,252,255,261,261,266,273,276,281,291,295,301,302,310,312,320,326,326,329,332,333,342,350,355,368,373,382,394,403,425,433,438,443,460,476,504,522,529,534,538,542,556,567,574,578,587,590,597,603,637,648,652,660,663,679,695,707,722,731,746,753,761,773,792,805,820,837,847,864,886,912,929,942,961,969,986,1011,1037,1053,1069,1088,1094,1113,1145,1169,1179,1189,1210,1221,1235,1257,1292,1317,1343,1360,1367,1389,1409
VS,11,11,13,14,15,17,36,35,38,40,47,49,52,54,58,58,59,61,60,68,69,69,88,91,91,92,112,116,116,116,116,117,111,119,130,132,131,133,133,135,144,146,146,146,146,150,150,149,149,155,155,157,157,157,158,162,162,162,162,162,163,163,164,164,164,164,165,165,165,165,165,165,165,165,165,165,166,166,168,169,170,170,171,172,173,175,176,177,184,184,187,189,191,193,194,198,198,209,221,226,231,232,236,246,261,275,297,312,340,408,418,456,467,466,523,524,546,576,617,624,637,698,700,727,773,801,831,864,865,886,999,1122,1170,1234,1258,1259,1261,1330,1398,1453,1480,1505,1527,1548,1577,1623,1697,1695,1753,1782,1850,1859,1918,1954,2018,2042,2066,2079,2107,2160,2202,2262,2279,2305,2313,2334,2390,2432,2471,2502,2525,2552,2568,2645,2688,2719,2734,2838,2926,2967,3020,3085,3163,3264,3312,3341,3375,3459,3516,3565,3637,3689,3763,3802,3849,3915,3975,4044,4115,4157,4189,4272,4368,4436,4516,4571,4619,4658,4729
VL,8,9,8,8,9,9,11,11,13,13,13,15,15,15,17,18,19,19,20,22,22,23,23,24,24,25,25,26,26,25,24,23,24,24,26,26,26,27,26,26,26,27,27,27,27,27,27,28,28,28,28,28,28,28,28,28,28,30,30,30,31,31,33,34,37,37,37,38,38,38,38,39,39,39,39,39,40,40,41,43,47,48,48,48,49,51,51,52,52,52,53,55,55,63,85,86,92,94,99,103,115,118,171,172,191,203,210,214,219,221,248,269,308,321,381,387,400,417,441,467,470,495,512,533,544,576,595,607,607,646,673,694,714,736,767,820,862,879,899,924,956,957,976,991,997,1038,1080,1110,1135,1151,1189,1206,1241,1296,1307,1322,1338,1376,1388,1405,1445,1504,1525,1549,1586,1617,1700,1783,1813,1824,1873,1919,1919,1956,2005,2058,2080,2165,2197,2212,2275,2329,2397,2449,2492,2531,2546,2628,2723,2870,2969,3066,3134,3163,3259,3355,3447,3584,3696,3750,3784,3904,4026,4134,4234,4363,4475,4518,4618
VN,70,70,79,79,79,90,95,95,116,117,134,157,160,174,186,186,215,214,214,211,207,207,205,205,245,251,252,261,259,259,287,347,380,387,397,420,451,452,462,465,467,475,501,507,507,515,514,546,552,562,564,570,571,583,587,599,608,617,621,626,629,632,642,670,680,680,697,701,701,730,742,749,759,786,787,851,877,893,910,932,942,942,952,968,992,1010,1016,1026,1042,1049,1078,1081,1105,1106,1130,1148,1166,1171,1198,1222,1236,1247,1265,1282,1283,1330,1343,1362,1378,1400,1434,1449,1465,1521,1572,1593,1604,1670,1688,1702,1738,1766,1785,1827,1859,1895,1921,1962,1975,2022,2058,2120,2141,2152,2162,2171,2171,2207,2227,2229,2262,2279,2290,2297,2313,2330,2341,2357,2359,2372,2380,2406,2416,2428,2445,2454,2463,2465,2473,2484,2488,2504,2515,2525,2528,2533,2550,2557,2579,2588,2601,2607,2621,2631,2646,2651,2657,2665,2671,2682,2700,2722,2740,2753,2764,2775,2786,2829,2851,2882,2912,2941,2962,2978,2999,3017,3046,3070,3083,3092,3124,3148,3178,3212,3234,3264,3287,3311,3344
B,544,550,552,566,598,637,659,688,730,751,774,789,824,866,942,977,1001,1023,1033,1050,1100,1133,1150,1167,1190,1222,1255,1275,1298,1305,1354,1369,1376,1410,1429,1445,1489,1508,1519,1528,1555,1574,1591,1627,1636,1644,1659,1674,1687,1701,1728,1758,1815,1825,1862,1888,1944,1961,1974,2015,2036,2081,2145,2183,2208,2238,2250,2271,2289,2324,2355,2393,2423,2437,2459,2518,2571,2613,2671,2708,2740,2778,2831,2855,2918,3006,3030,3071,3141,3193,3238,3275,3349,3396,3411,3464,3517,3590,3659,3761,3801,3856,3918,3985,4096,4172,4260,4360,4467,4618,4770,4871,4976,5094,5161,5328,5425,5500,5723,5887,6005,6088,6208,6366,6509,6701,6900,7121,7322,7454,7605,7779,7951,8123,8325,8479,8543,8678,8906,9079,9293,9458,9561,9701,9930,10126,10362,10521,10762,10916,11018,11101,11198,11395,11509,11861,12062,12249,12506,12686,12887,13027,13247,13479,13647,13861,14072,14316,14487,14707,14977,15205,15304,15605,15886,16096,16327,16536,16771,17062,17467,17768,18285,18491,18827,19389,19792,20306,20855,21434,21998,22537,22950,23449,24118,24895,25487,25933,26703,27284,27829,28479,29283,29968,30676,31231,31751,32374,33118
